{
    "Linear Regression": {
        "train_rmse": 1790.1777096975718,
        "test_rmse": 1788.3917999771545,
        "train_mae": 1574.0044460652346,
        "test_mae": 1572.9613406644032,
        "train_r2": 0.18784720777128106,
        "test_r2": 0.19101194863017268
    },
    "Ridge Regression": {
        "train_rmse": 1790.1777100049906,
        "test_rmse": 1788.391826779326,
        "train_mae": 1574.0069606316206,
        "test_mae": 1572.9638312293796,
        "train_r2": 0.18784720749234685,
        "test_r2": 0.19101192438197756
    },
    "Lasso Regression": {
        "train_rmse": 1790.183933167167,
        "test_rmse": 1788.4192289528073,
        "train_mae": 1574.2476118173593,
        "test_mae": 1573.215978759751,
        "train_r2": 0.18784156093860382,
        "test_r2": 0.19098713316889715
    },
    "Decision Tree": {
        "train_rmse": 238.21991406219857,
        "test_rmse": 460.1330205165983,
        "train_mae": 125.95393944041875,
        "test_mae": 243.93906860338916,
        "train_r2": 0.9856185863303931,
        "test_r2": 0.9464470291031664
    },
    "Random Forest": {
        "train_rmse": 135.69512488041335,
        "test_rmse": 356.68920328274794,
        "train_mae": 72.72279983403782,
        "test_mae": 191.84881132662585,
        "train_r2": 0.9953336861941577,
        "test_r2": 0.9678192104726107
    },
    "Gradient Boosting": {
        "train_rmse": 554.6106251417672,
        "test_rmse": 547.2896128038191,
        "train_mae": 365.7003856578708,
        "test_mae": 360.4336289623414,
        "train_r2": 0.9220489764317032,
        "test_r2": 0.9242380440064705
    },
    "XGBoost": {
        "train_rmse": 283.64788911606587,
        "test_rmse": 336.8222593223316,
        "train_mae": 179.79531860351562,
        "test_mae": 205.21633911132812,
        "train_r2": 0.9796106219291687,
        "test_r2": 0.971304178237915
    },
    "Deep Neural Network": {
        "train_rmse": 730.8989755773365,
        "test_rmse": 737.6998458045115,
        "train_mae": 530.5348510742188,
        "test_mae": 536.4686889648438,
        "train_r2": 0.8646182417869568,
        "test_r2": 0.8623500466346741
    },
    "LSTM": {
        "train_rmse": 1918.1811697543067,
        "test_rmse": 1922.7604504981894,
        "train_mae": 1651.420654296875,
        "test_mae": 1654.817138671875,
        "train_r2": 0.06755191087722778,
        "test_r2": 0.06488054990768433
    }
}